-- MySQL dump 10.13  Distrib 8.0.30, for Linux (x86_64)
--
-- Host: localhost    Database: wild-series
-- ------------------------------------------------------
-- Server version	8.0.30-0ubuntu0.20.04.2

/*!40101 SET @OLD_CHARACTER_SET_CLIENT=@@CHARACTER_SET_CLIENT */;
/*!40101 SET @OLD_CHARACTER_SET_RESULTS=@@CHARACTER_SET_RESULTS */;
/*!40101 SET @OLD_COLLATION_CONNECTION=@@COLLATION_CONNECTION */;
/*!50503 SET NAMES utf8mb4 */;
/*!40103 SET @OLD_TIME_ZONE=@@TIME_ZONE */;
/*!40103 SET TIME_ZONE='+00:00' */;
/*!40014 SET @OLD_UNIQUE_CHECKS=@@UNIQUE_CHECKS, UNIQUE_CHECKS=0 */;
/*!40014 SET @OLD_FOREIGN_KEY_CHECKS=@@FOREIGN_KEY_CHECKS, FOREIGN_KEY_CHECKS=0 */;
/*!40101 SET @OLD_SQL_MODE=@@SQL_MODE, SQL_MODE='NO_AUTO_VALUE_ON_ZERO' */;
/*!40111 SET @OLD_SQL_NOTES=@@SQL_NOTES, SQL_NOTES=0 */;

--
-- Table structure for table `category`
--

DROP TABLE IF EXISTS `category`;
/*!40101 SET @saved_cs_client     = @@character_set_client */;
/*!50503 SET character_set_client = utf8mb4 */;
CREATE TABLE `category` (
  `id` int NOT NULL AUTO_INCREMENT,
  `name` varchar(255) COLLATE utf8mb4_unicode_ci NOT NULL,
  PRIMARY KEY (`id`)
) ENGINE=InnoDB AUTO_INCREMENT=71 DEFAULT CHARSET=utf8mb4 COLLATE=utf8mb4_unicode_ci;
/*!40101 SET character_set_client = @saved_cs_client */;

--
-- Dumping data for table `category`
--

LOCK TABLES `category` WRITE;
/*!40000 ALTER TABLE `category` DISABLE KEYS */;
INSERT INTO `category` VALUES (65,'Action'),(66,'Aventure'),(67,'Animation'),(68,'Fantastique'),(69,'Horreur'),(70,'Comedie');
/*!40000 ALTER TABLE `category` ENABLE KEYS */;
UNLOCK TABLES;

--
-- Table structure for table `doctrine_migration_versions`
--

DROP TABLE IF EXISTS `doctrine_migration_versions`;
/*!40101 SET @saved_cs_client     = @@character_set_client */;
/*!50503 SET character_set_client = utf8mb4 */;
CREATE TABLE `doctrine_migration_versions` (
  `version` varchar(191) COLLATE utf8mb3_unicode_ci NOT NULL,
  `executed_at` datetime DEFAULT NULL,
  `execution_time` int DEFAULT NULL,
  PRIMARY KEY (`version`)
) ENGINE=InnoDB DEFAULT CHARSET=utf8mb3 COLLATE=utf8mb3_unicode_ci;
/*!40101 SET character_set_client = @saved_cs_client */;

--
-- Dumping data for table `doctrine_migration_versions`
--

LOCK TABLES `doctrine_migration_versions` WRITE;
/*!40000 ALTER TABLE `doctrine_migration_versions` DISABLE KEYS */;
INSERT INTO `doctrine_migration_versions` VALUES ('DoctrineMigrations\\Version20221114152504','2022-11-14 16:28:20',1074),('DoctrineMigrations\\Version20221114153800','2022-11-14 16:38:34',604),('DoctrineMigrations\\Version20221115081955','2022-11-15 09:21:31',1684);
/*!40000 ALTER TABLE `doctrine_migration_versions` ENABLE KEYS */;
UNLOCK TABLES;

--
-- Table structure for table `messenger_messages`
--

DROP TABLE IF EXISTS `messenger_messages`;
/*!40101 SET @saved_cs_client     = @@character_set_client */;
/*!50503 SET character_set_client = utf8mb4 */;
CREATE TABLE `messenger_messages` (
  `id` bigint NOT NULL AUTO_INCREMENT,
  `body` longtext COLLATE utf8mb4_unicode_ci NOT NULL,
  `headers` longtext COLLATE utf8mb4_unicode_ci NOT NULL,
  `queue_name` varchar(190) COLLATE utf8mb4_unicode_ci NOT NULL,
  `created_at` datetime NOT NULL,
  `available_at` datetime NOT NULL,
  `delivered_at` datetime DEFAULT NULL,
  PRIMARY KEY (`id`),
  KEY `IDX_75EA56E0FB7336F0` (`queue_name`),
  KEY `IDX_75EA56E0E3BD61CE` (`available_at`),
  KEY `IDX_75EA56E016BA31DB` (`delivered_at`)
) ENGINE=InnoDB DEFAULT CHARSET=utf8mb4 COLLATE=utf8mb4_unicode_ci;
/*!40101 SET character_set_client = @saved_cs_client */;

--
-- Dumping data for table `messenger_messages`
--

LOCK TABLES `messenger_messages` WRITE;
/*!40000 ALTER TABLE `messenger_messages` DISABLE KEYS */;
/*!40000 ALTER TABLE `messenger_messages` ENABLE KEYS */;
UNLOCK TABLES;

--
-- Table structure for table `program`
--

DROP TABLE IF EXISTS `program`;
/*!40101 SET @saved_cs_client     = @@character_set_client */;
/*!50503 SET character_set_client = utf8mb4 */;
CREATE TABLE `program` (
  `id` int NOT NULL AUTO_INCREMENT,
  `title` varchar(255) COLLATE utf8mb4_unicode_ci NOT NULL,
  `synopsis` longtext COLLATE utf8mb4_unicode_ci NOT NULL,
  `poster` varchar(255) COLLATE utf8mb4_unicode_ci NOT NULL,
  `category_id` int NOT NULL,
  PRIMARY KEY (`id`),
  KEY `IDX_92ED778412469DE2` (`category_id`),
  CONSTRAINT `FK_92ED778412469DE2` FOREIGN KEY (`category_id`) REFERENCES `category` (`id`)
) ENGINE=InnoDB AUTO_INCREMENT=27 DEFAULT CHARSET=utf8mb4 COLLATE=utf8mb4_unicode_ci;
/*!40101 SET character_set_client = @saved_cs_client */;

--
-- Dumping data for table `program`
--

LOCK TABLES `program` WRITE;
/*!40000 ALTER TABLE `program` DISABLE KEYS */;
INSERT INTO `program` VALUES (12,'Walking dead','Des zombies bla bla bla','Poster bli bli bli',65),(13,'Walking dead 2','Des zombies encore bla bla bla','Poster bli bli bli bis',65),(14,'LOL','Pour rire','Poster',70),(15,'Film 4','Pour xxx','Poster',70),(16,'Film 5','Pour xxx','Poster',70),(17,'Film 16','Pour xxx6','Poster6',70),(18,'Film 17','Pour xxx7','Poster7',70),(19,'Film 18','Pour xxx8','Poster8',70),(20,'Film 19','Pour xxx9','Poster9',70),(21,'Film 110','Pour xxx10','Poster10',70),(22,'Film 111','Pour xxx11','Poster11',70),(23,'Film 112','Pour xxx12','Poster12',70),(24,'Film 113','Pour xxx13','Poster13',70),(25,'Film 114','Pour xxx14','Poster14',70),(26,'Film 115','Pour xxx15','Poster15',70);
/*!40000 ALTER TABLE `program` ENABLE KEYS */;
UNLOCK TABLES;
/*!40103 SET TIME_ZONE=@OLD_TIME_ZONE */;

/*!40101 SET SQL_MODE=@OLD_SQL_MODE */;
/*!40014 SET FOREIGN_KEY_CHECKS=@OLD_FOREIGN_KEY_CHECKS */;
/*!40014 SET UNIQUE_CHECKS=@OLD_UNIQUE_CHECKS */;
/*!40101 SET CHARACTER_SET_CLIENT=@OLD_CHARACTER_SET_CLIENT */;
/*!40101 SET CHARACTER_SET_RESULTS=@OLD_CHARACTER_SET_RESULTS */;
/*!40101 SET COLLATION_CONNECTION=@OLD_COLLATION_CONNECTION */;
/*!40111 SET SQL_NOTES=@OLD_SQL_NOTES */;

-- Dump completed on 2022-11-16 10:16:22





INSERT INTO `episode` VALUES 
(1,1, 'Episode no 1', 1, 'Synopsis 1'),
(2,1, 'Episode no 2', 2, 'Synopsis 2'),
(3,1, 'Episode no 2', 3, 'Synopsis 3');